LATITUDE,LONGITUDE
-66.63,140.033
-66.39656565656566,140.1082525252525
-66.1631313131313,140.18350505050503
-65.92969696969696,140.25875757575756
-65.69626262626262,140.33401010101008
-65.46282828282828,140.4092626262626
-65.22939393939393,140.48451515151513
-64.99595959595959,140.55976767676768
-64.76252525252525,140.6350202020202
-64.52909090909091,140.71027272727272
-64.29565656565656,140.78552525252525
-64.06222222222222,140.86077777777777
-63.82878787878788,140.9360303030303
-63.59535353535353,141.01128282828282
-63.361919191919185,141.08653535353534
-63.128484848484845,141.16178787878786
-62.8950505050505,141.23704040404039
-62.66161616161616,141.3122929292929
-62.42818181818181,141.38754545454543
-62.19474747474747,141.46279797979798
-61.961313131313126,141.5380505050505
-61.72787878787879,141.61330303030303
-61.49444444444444,141.68855555555555
-61.2610101010101,141.76380808080808
-61.027575757575754,141.8390606060606
-60.794141414141414,141.91431313131312
-60.56070707070707,141.98956565656565
-60.32727272727273,142.06481818181817
-60.09383838383838,142.1400707070707
-59.860404040404035,142.21532323232321
-59.626969696969695,142.29057575757574
-59.39353535353535,142.36582828282826
-59.16010101010101,142.4410808080808
-58.92666666666666,142.51633333333334
-58.69323232323232,142.59158585858586
-58.459797979797976,142.66683838383838
-58.22636363636364,142.7420909090909
-57.99292929292929,142.81734343434343
-57.75949494949495,142.89259595959595
-57.526060606060604,142.96784848484847
-57.29262626262626,143.043101010101
-57.05919191919192,143.11835353535352
-56.82575757575758,143.19360606060604
-56.59232323232323,143.26885858585857
-56.358888888888885,143.34411111111112
-56.125454545454545,143.41936363636364
-55.892020202020205,143.49461616161616
-55.65858585858586,143.5698686868687
-55.42515151515151,143.6451212121212
-55.19171717171717,143.72037373737373
-54.958282828282826,143.79562626262626
-54.724848484848486,143.87087878787878
-54.49141414141414,143.9461313131313
-54.2579797979798,144.02138383838383
-54.02454545454545,144.09663636363635
-53.79111111111111,144.17188888888887
-53.55767676767677,144.24714141414142
-53.32424242424243,144.32239393939395
-53.09080808080808,144.39764646464647
-52.857373737373734,144.472898989899
-52.623939393939395,144.54815151515152
-52.39050505050505,144.62340404040404
-52.15707070707071,144.69865656565656
-51.92363636363636,144.7739090909091
-51.69020202020202,144.8491616161616
-51.456767676767676,144.92441414141413
-51.223333333333336,144.99966666666666
-50.98989898989899,145.07491919191918
-50.75646464646465,145.1501717171717
-50.5230303030303,145.22542424242425
-50.28959595959596,145.30067676767678
-50.05616161616162,145.3759292929293
-49.82272727272728,145.45118181818182
-49.58929292929293,145.52643434343435
-49.355858585858584,145.60168686868687
-49.122424242424245,145.6769393939394
-48.888989898989905,145.75219191919192
-48.65555555555556,145.82744444444444
-48.42212121212121,145.90269696969696
-48.18868686868687,145.97794949494948
-47.955252525252526,146.053202020202
-47.72181818181818,146.12845454545456
-47.48838383838384,146.20370707070708
-47.2549494949495,146.2789595959596
-47.02151515151515,146.35421212121213
-46.78808080808081,146.42946464646465
-46.55464646464647,146.50471717171718
-46.32121212121213,146.5799696969697
-46.08777777777778,146.65522222222222
-45.854343434343434,146.73047474747474
-45.620909090909095,146.80572727272727
-45.387474747474755,146.8809797979798
-45.15404040404041,146.9562323232323
-44.92060606060606,147.03148484848487
-44.68717171717172,147.1067373737374
-44.453737373737376,147.1819898989899
-44.22030303030303,147.25724242424243
-43.98686868686869,147.33249494949496
-43.75343434343435,147.40774747474748
-43.52,147.483
