LATITUDE,LONGITUDE
-34.10057507,151.466675
-34.11722427,151.566675
-34.1530624,151.666675
-34.19212671,151.766675
-34.23119606,151.866675
-34.26810583,151.966675
-34.30639047,152.066675
-34.34431639,152.166675
-34.38109032,152.266675
-34.41745771,152.366675
-34.45448052,152.466675
-34.49137376,152.566675
-34.52777908,152.666675
-34.56239534,152.766675
-34.59699532,152.866675
-34.6317637,152.966675
-34.6666309,153.066675
-34.7012367,153.166675
-34.73606395,153.266675
-34.77155875,153.366675
-34.80839919,153.466675
-34.84409101,153.566675
-34.87887046,153.666675
-34.91168828,153.766675
-34.94481482,153.866675
-34.97880303,153.966675
-35.01390503,154.066675
-35.05094275,154.166675
-35.08890001,154.266675
-35.12829866,154.366675
-35.16632317,154.466675
-35.20389847,154.566675
-35.24044297,154.666675
-35.27730751,154.766675
-35.31334431,154.866675
-35.34848639,154.966675
-35.38123801,155.066675
-35.41367175,155.166675
-35.44570968,155.266675
-35.47887877,155.366675
-35.51171505,155.466675
-35.54466343,155.566675
-35.5786025,155.666675
-35.61116353,155.766675
-35.64253045,155.866675
-35.67367029,155.966675
-35.70712868,156.066675
-35.74114938,156.166675
-35.77392034,156.266675
-35.8055804,156.366675
-35.83647539,156.466675
-35.86713243,156.566675
-35.89683812,156.666675
-35.92750104,156.766675
-35.95860291,156.866675
-35.99003138,156.966675
-36.02013082,157.066675
-36.05102434,157.166675
-36.0812169,157.266675
-36.11231123,157.366675
-36.14315943,157.466675
-36.17555915,157.566675
-36.20968408,157.666675
-36.2436537,157.766675
-36.27734496,157.866675
-36.31047077,157.966675
-36.34461216,158.066675
-36.37953758,158.166675
-36.41376806,158.266675
-36.44818436,158.366675
-36.47921832,158.466675
-36.51080699,158.566675
-36.54109024,158.666675
-36.57331781,158.766675
-36.60511036,158.866675
-36.63719019,158.966675
-36.66959924,159.066675
-36.70049118,159.166675
-36.73014593,159.266675
-36.75948942,159.366675
-36.78944282,159.466675
-36.81981705,159.566675
-36.85113433,159.666675
-36.88138218,159.766675
-36.91079828,159.866675
-36.93840473,159.966675
-36.966214,160.066675
-36.99418945,160.166675
-37.0225228,160.266675
-37.05127983,160.366675
-37.08037163,160.466675
-37.10966048,160.566675
-37.13887378,160.666675
-37.16777686,160.766675
-37.19617385,160.866675
-37.22547621,160.966675
-37.25448124,161.066675
-37.28327848,161.166675
-37.31066329,161.266675
-37.33821333,161.366675
-37.36592497,161.466675
-37.39357838,161.566675
-37.42088011,161.666675
-37.44798385,161.766675
-37.47510941,161.866675
-37.50245489,161.966675
-37.53020903,162.066675
-37.55848361,162.166675
-37.58710247,162.266675
-37.61591467,162.366675
-37.64490885,162.466675
-37.67408501,162.566675
-37.70234228,162.666675
-37.72883766,162.766675
-37.75357115,162.866675
-37.7772642,162.966675
-37.80105489,163.066675
-37.82494322,163.166675
-37.84922708,163.266675
-37.87452704,163.366675
-37.90084336,163.466675
-37.9281184,163.566675
-37.95459651,163.666675
-37.98064848,163.766675
-38.00646979,163.866675
-38.03264558,163.966675
-38.05877406,164.066675
-38.08471918,164.166675
-38.11063888,164.266675
-38.13663944,164.366675
-38.16252989,164.466675
-38.18827176,164.566675
-38.21361466,164.666675
-38.23874777,164.766675
-38.26253874,164.866675
-38.28533032,164.966675
-38.30712252,165.066675
-38.32908263,165.166675
-38.35078675,165.266675
-38.37275985,165.366675
-38.39678616,165.466675
-38.42397977,165.566675
-38.45364704,165.666675
-38.48400373,165.766675
-38.51419175,165.866675
-38.54402252,165.966675
-38.58378938,166.066675
-38.63349608,166.166675
-38.68366866,166.266675
-38.72230375,166.366675
-38.74939762,166.466675
-38.77475695,166.566675
-38.79990863,166.666675
-38.82485264,166.766675
-38.85102786,166.866675
-38.87748078,166.966675
-38.90453315,167.066675
-38.9307706,167.166675
-38.95781445,167.266675
-39.00732453,167.366675
-39.05720074,167.466675
-39.10695842,167.566675
-39.13461534,167.666675
-39.16227127,167.766675
-39.19015793,167.866675
-39.2181315,167.966675
-39.24613873,168.066675
-39.27394792,168.166675
-39.30170353,168.266675
-39.32953257,168.366675
-39.35736137,168.466675
-39.38518,168.566675
-39.41291524,168.666675
-39.44064076,168.766675
-39.46836648,168.866675
-39.49614792,168.966675
-39.52400326,169.066675
-39.55196818,169.166675
-39.57993901,169.266675
-39.60700604,169.366675
-39.63268732,169.466675
-39.65701423,169.566675
-39.68087826,169.666675
-39.70468224,169.766675
-39.72834127,169.866675
-39.75175611,169.966675
-39.77412344,170.066675
-39.79600887,170.166675
-39.81751185,170.266675
-39.83947919,170.366675
-39.8612076,170.466675
-39.8822019,170.566675
-39.90240656,170.666675
-39.92235158,170.766675
-39.94344472,170.866675
-39.96520139,170.966675
-39.98676314,171.066675
-40.00784065,171.166675
-40.02920453,171.266675
-40.05207716,171.366675
-40.07641757,171.466675
-40.10196877,171.566675
-40.12757696,171.666675
-40.15210378,171.766675
-40.17480766,171.866675
-40.19646859,171.966675
-40.19974848,172.066675
-40.20581051,172.166675
-40.21788311,172.266675
-40.23418392,172.366675
-40.24408906,172.466675