001,6.472,-2.16
002,6.691,-2.25
011,6.828,-1.82
021,6.346,-1.82
031,6.472,-2.16
032,6.691,-2.25
041,6.472,-2.16
042,6.691,-2.25
051,6.472,-2.16
052,6.691,-2.25
061,6.301,-2.16
071,1.779,-0.255
081,1.52,0
201,6.472,-2.16
202,6.691,-2.25
211,6.472,-2.16
212,6.691,-2.25
221,6.472,-2.16
222,6.691,-2.25
231,6.828,-1.82
241,6.301,-2.16
251,6.472,-2.16
252,6.691,-2.25
261,,
401,6.301,-2.16
411,5.861,-0.0904
421,6.472,-2.16
431,6.828,-1.82
441,6.828,-1.82
451,6.472,-2.16
461,6.472,-2.16
462,6.705,-2.28
471,6.472,-2.16
481,6.301,-2.16
491,6.472,-2.16
501,6.472,-2.16
510,1.524,0
700,,
710,,
720,,
730,,
741,3.42543,-0.47
742,3.43898,-0.31
743,3.43898,-0.31
744,5.07598,-0.72
745,3.68081,-0.47
751,,